C:\Users\BHAROSE\Desktop\Project\How_to_simulate_a_self_driving_car-master\How_to_simulate_a_self_driving_car-master\IMG\center_2019_04_08_18_16_29_662.jpg,C:\Users\BHAROSE\Desktop\Project\How_to_simulate_a_self_driving_car-master\How_to_simulate_a_self_driving_car-master\IMG\left_2019_04_08_18_16_29_662.jpg,C:\Users\BHAROSE\Desktop\Project\How_to_simulate_a_self_driving_car-master\How_to_simulate_a_self_driving_car-master\IMG\right_2019_04_08_18_16_29_662.jpg,0,0,0,0.0002896111
C:\Users\BHAROSE\Desktop\Project\How_to_simulate_a_self_driving_car-master\How_to_simulate_a_self_driving_car-master\IMG\center_2019_04_08_18_16_29_737.jpg,C:\Users\BHAROSE\Desktop\Project\How_to_simulate_a_self_driving_car-master\How_to_simulate_a_self_driving_car-master\IMG\left_2019_04_08_18_16_29_737.jpg,C:\Users\BHAROSE\Desktop\Project\How_to_simulate_a_self_driving_car-master\How_to_simulate_a_self_driving_car-master\IMG\right_2019_04_08_18_16_29_737.jpg,0,0,0,0.002077222
C:\Users\BHAROSE\Desktop\Project\How_to_simulate_a_self_driving_car-master\How_to_simulate_a_self_driving_car-master\IMG\center_2019_04_08_18_16_29_807.jpg,C:\Users\BHAROSE\Desktop\Project\How_to_simulate_a_self_driving_car-master\How_to_simulate_a_self_driving_car-master\IMG\left_2019_04_08_18_16_29_807.jpg,C:\Users\BHAROSE\Desktop\Project\How_to_simulate_a_self_driving_car-master\How_to_simulate_a_self_driving_car-master\IMG\right_2019_04_08_18_16_29_807.jpg,0,0,0,0.0002737786
C:\Users\BHAROSE\Desktop\Project\How_to_simulate_a_self_driving_car-master\How_to_simulate_a_self_driving_car-master\IMG\center_2019_04_08_18_16_29_880.jpg,C:\Users\BHAROSE\Desktop\Project\How_to_simulate_a_self_driving_car-master\How_to_simulate_a_self_driving_car-master\IMG\left_2019_04_08_18_16_29_880.jpg,C:\Users\BHAROSE\Desktop\Project\How_to_simulate_a_self_driving_car-master\How_to_simulate_a_self_driving_car-master\IMG\right_2019_04_08_18_16_29_880.jpg,0,0,0,0.0003027395
C:\Users\BHAROSE\Desktop\Project\How_to_simulate_a_self_driving_car-master\How_to_simulate_a_self_driving_car-master\IMG\center_2019_04_08_18_16_29_957.jpg,C:\Users\BHAROSE\Desktop\Project\How_to_simulate_a_self_driving_car-master\How_to_simulate_a_self_driving_car-master\IMG\left_2019_04_08_18_16_29_957.jpg,C:\Users\BHAROSE\Desktop\Project\How_to_simulate_a_self_driving_car-master\How_to_simulate_a_self_driving_car-master\IMG\right_2019_04_08_18_16_29_957.jpg,0,0,0,0.002299903
C:\Users\BHAROSE\Desktop\Project\How_to_simulate_a_self_driving_car-master\How_to_simulate_a_self_driving_car-master\IMG\center_2019_04_08_18_16_30_024.jpg,C:\Users\BHAROSE\Desktop\Project\How_to_simulate_a_self_driving_car-master\How_to_simulate_a_self_driving_car-master\IMG\left_2019_04_08_18_16_30_024.jpg,C:\Users\BHAROSE\Desktop\Project\How_to_simulate_a_self_driving_car-master\How_to_simulate_a_self_driving_car-master\IMG\right_2019_04_08_18_16_30_024.jpg,0,0,0,0.00251731
C:\Users\BHAROSE\Desktop\Project\How_to_simulate_a_self_driving_car-master\How_to_simulate_a_self_driving_car-master\IMG\center_2019_04_08_18_16_30_098.jpg,C:\Users\BHAROSE\Desktop\Project\How_to_simulate_a_self_driving_car-master\How_to_simulate_a_self_driving_car-master\IMG\left_2019_04_08_18_16_30_098.jpg,C:\Users\BHAROSE\Desktop\Project\How_to_simulate_a_self_driving_car-master\How_to_simulate_a_self_driving_car-master\IMG\right_2019_04_08_18_16_30_098.jpg,0,0,0,0.0005649363
C:\Users\BHAROSE\Desktop\Project\How_to_simulate_a_self_driving_car-master\How_to_simulate_a_self_driving_car-master\IMG\center_2019_04_08_18_16_30_175.jpg,C:\Users\BHAROSE\Desktop\Project\How_to_simulate_a_self_driving_car-master\How_to_simulate_a_self_driving_car-master\IMG\left_2019_04_08_18_16_30_175.jpg,C:\Users\BHAROSE\Desktop\Project\How_to_simulate_a_self_driving_car-master\How_to_simulate_a_self_driving_car-master\IMG\right_2019_04_08_18_16_30_175.jpg,0,0,0,0.001763887
C:\Users\BHAROSE\Desktop\Project\How_to_simulate_a_self_driving_car-master\How_to_simulate_a_self_driving_car-master\IMG\center_2019_04_08_18_16_30_242.jpg,C:\Users\BHAROSE\Desktop\Project\How_to_simulate_a_self_driving_car-master\How_to_simulate_a_self_driving_car-master\IMG\left_2019_04_08_18_16_30_242.jpg,C:\Users\BHAROSE\Desktop\Project\How_to_simulate_a_self_driving_car-master\How_to_simulate_a_self_driving_car-master\IMG\right_2019_04_08_18_16_30_242.jpg,0,0,0,0.001227207
C:\Users\BHAROSE\Desktop\Project\How_to_simulate_a_self_driving_car-master\How_to_simulate_a_self_driving_car-master\IMG\center_2019_04_08_18_16_30_313.jpg,C:\Users\BHAROSE\Desktop\Project\How_to_simulate_a_self_driving_car-master\How_to_simulate_a_self_driving_car-master\IMG\left_2019_04_08_18_16_30_313.jpg,C:\Users\BHAROSE\Desktop\Project\How_to_simulate_a_self_driving_car-master\How_to_simulate_a_self_driving_car-master\IMG\right_2019_04_08_18_16_30_313.jpg,0,0,0,0.00029236
C:\Users\BHAROSE\Desktop\Project\How_to_simulate_a_self_driving_car-master\How_to_simulate_a_self_driving_car-master\IMG\center_2019_04_08_18_16_30_388.jpg,C:\Users\BHAROSE\Desktop\Project\How_to_simulate_a_self_driving_car-master\How_to_simulate_a_self_driving_car-master\IMG\left_2019_04_08_18_16_30_388.jpg,C:\Users\BHAROSE\Desktop\Project\How_to_simulate_a_self_driving_car-master\How_to_simulate_a_self_driving_car-master\IMG\right_2019_04_08_18_16_30_388.jpg,0,0,0,0.002598415
C:\Users\BHAROSE\Desktop\Project\How_to_simulate_a_self_driving_car-master\How_to_simulate_a_self_driving_car-master\IMG\center_2019_04_08_18_16_30_462.jpg,C:\Users\BHAROSE\Desktop\Project\How_to_simulate_a_self_driving_car-master\How_to_simulate_a_self_driving_car-master\IMG\left_2019_04_08_18_16_30_462.jpg,C:\Users\BHAROSE\Desktop\Project\How_to_simulate_a_self_driving_car-master\How_to_simulate_a_self_driving_car-master\IMG\right_2019_04_08_18_16_30_462.jpg,0,0,0,0.00120734
C:\Users\BHAROSE\Desktop\Project\How_to_simulate_a_self_driving_car-master\How_to_simulate_a_self_driving_car-master\IMG\center_2019_04_08_18_16_30_537.jpg,C:\Users\BHAROSE\Desktop\Project\How_to_simulate_a_self_driving_car-master\How_to_simulate_a_self_driving_car-master\IMG\left_2019_04_08_18_16_30_537.jpg,C:\Users\BHAROSE\Desktop\Project\How_to_simulate_a_self_driving_car-master\How_to_simulate_a_self_driving_car-master\IMG\right_2019_04_08_18_16_30_537.jpg,0,0,0,0.0007200316
C:\Users\BHAROSE\Desktop\Project\How_to_simulate_a_self_driving_car-master\How_to_simulate_a_self_driving_car-master\IMG\center_2019_04_08_18_16_30_610.jpg,C:\Users\BHAROSE\Desktop\Project\How_to_simulate_a_self_driving_car-master\How_to_simulate_a_self_driving_car-master\IMG\left_2019_04_08_18_16_30_610.jpg,C:\Users\BHAROSE\Desktop\Project\How_to_simulate_a_self_driving_car-master\How_to_simulate_a_self_driving_car-master\IMG\right_2019_04_08_18_16_30_610.jpg,0,0,0,0.001253433
C:\Users\BHAROSE\Desktop\Project\How_to_simulate_a_self_driving_car-master\How_to_simulate_a_self_driving_car-master\IMG\center_2019_04_08_18_16_30_682.jpg,C:\Users\BHAROSE\Desktop\Project\How_to_simulate_a_self_driving_car-master\How_to_simulate_a_self_driving_car-master\IMG\left_2019_04_08_18_16_30_682.jpg,C:\Users\BHAROSE\Desktop\Project\How_to_simulate_a_self_driving_car-master\How_to_simulate_a_self_driving_car-master\IMG\right_2019_04_08_18_16_30_682.jpg,0,0,0,0.001098583
C:\Users\BHAROSE\Desktop\Project\How_to_simulate_a_self_driving_car-master\How_to_simulate_a_self_driving_car-master\IMG\center_2019_04_08_18_16_30_754.jpg,C:\Users\BHAROSE\Desktop\Project\How_to_simulate_a_self_driving_car-master\How_to_simulate_a_self_driving_car-master\IMG\left_2019_04_08_18_16_30_754.jpg,C:\Users\BHAROSE\Desktop\Project\How_to_simulate_a_self_driving_car-master\How_to_simulate_a_self_driving_car-master\IMG\right_2019_04_08_18_16_30_754.jpg,0,0,0,0.001245831
C:\Users\BHAROSE\Desktop\Project\How_to_simulate_a_self_driving_car-master\How_to_simulate_a_self_driving_car-master\IMG\center_2019_04_08_18_16_30_827.jpg,C:\Users\BHAROSE\Desktop\Project\How_to_simulate_a_self_driving_car-master\How_to_simulate_a_self_driving_car-master\IMG\left_2019_04_08_18_16_30_827.jpg,C:\Users\BHAROSE\Desktop\Project\How_to_simulate_a_self_driving_car-master\How_to_simulate_a_self_driving_car-master\IMG\right_2019_04_08_18_16_30_827.jpg,0,0,0,0.001237276
C:\Users\BHAROSE\Desktop\Project\How_to_simulate_a_self_driving_car-master\How_to_simulate_a_self_driving_car-master\IMG\center_2019_04_08_18_16_30_899.jpg,C:\Users\BHAROSE\Desktop\Project\How_to_simulate_a_self_driving_car-master\How_to_simulate_a_self_driving_car-master\IMG\left_2019_04_08_18_16_30_899.jpg,C:\Users\BHAROSE\Desktop\Project\How_to_simulate_a_self_driving_car-master\How_to_simulate_a_self_driving_car-master\IMG\right_2019_04_08_18_16_30_899.jpg,0,0,0,0.0004873021
C:\Users\BHAROSE\Desktop\Project\How_to_simulate_a_self_driving_car-master\How_to_simulate_a_self_driving_car-master\IMG\center_2019_04_08_18_16_30_990.jpg,C:\Users\BHAROSE\Desktop\Project\How_to_simulate_a_self_driving_car-master\How_to_simulate_a_self_driving_car-master\IMG\left_2019_04_08_18_16_30_990.jpg,C:\Users\BHAROSE\Desktop\Project\How_to_simulate_a_self_driving_car-master\How_to_simulate_a_self_driving_car-master\IMG\right_2019_04_08_18_16_30_990.jpg,0,0,0,0.001194489
C:\Users\BHAROSE\Desktop\Project\How_to_simulate_a_self_driving_car-master\How_to_simulate_a_self_driving_car-master\IMG\center_2019_04_08_18_16_31_081.jpg,C:\Users\BHAROSE\Desktop\Project\How_to_simulate_a_self_driving_car-master\How_to_simulate_a_self_driving_car-master\IMG\left_2019_04_08_18_16_31_081.jpg,C:\Users\BHAROSE\Desktop\Project\How_to_simulate_a_self_driving_car-master\How_to_simulate_a_self_driving_car-master\IMG\right_2019_04_08_18_16_31_081.jpg,0,0,0,0.0003388997
C:\Users\BHAROSE\Desktop\Project\How_to_simulate_a_self_driving_car-master\How_to_simulate_a_self_driving_car-master\IMG\center_2019_04_08_18_16_31_158.jpg,C:\Users\BHAROSE\Desktop\Project\How_to_simulate_a_self_driving_car-master\How_to_simulate_a_self_driving_car-master\IMG\left_2019_04_08_18_16_31_158.jpg,C:\Users\BHAROSE\Desktop\Project\How_to_simulate_a_self_driving_car-master\How_to_simulate_a_self_driving_car-master\IMG\right_2019_04_08_18_16_31_158.jpg,0,0,0,0.002552163
C:\Users\BHAROSE\Desktop\Project\How_to_simulate_a_self_driving_car-master\How_to_simulate_a_self_driving_car-master\IMG\center_2019_04_08_18_16_31_229.jpg,C:\Users\BHAROSE\Desktop\Project\How_to_simulate_a_self_driving_car-master\How_to_simulate_a_self_driving_car-master\IMG\left_2019_04_08_18_16_31_229.jpg,C:\Users\BHAROSE\Desktop\Project\How_to_simulate_a_self_driving_car-master\How_to_simulate_a_self_driving_car-master\IMG\right_2019_04_08_18_16_31_229.jpg,0,0,0,0.0005771623
C:\Users\BHAROSE\Desktop\Project\How_to_simulate_a_self_driving_car-master\How_to_simulate_a_self_driving_car-master\IMG\center_2019_04_08_18_16_31_305.jpg,C:\Users\BHAROSE\Desktop\Project\How_to_simulate_a_self_driving_car-master\How_to_simulate_a_self_driving_car-master\IMG\left_2019_04_08_18_16_31_305.jpg,C:\Users\BHAROSE\Desktop\Project\How_to_simulate_a_self_driving_car-master\How_to_simulate_a_self_driving_car-master\IMG\right_2019_04_08_18_16_31_305.jpg,0,0,0,0.0007382455
C:\Users\BHAROSE\Desktop\Project\How_to_simulate_a_self_driving_car-master\How_to_simulate_a_self_driving_car-master\IMG\center_2019_04_08_18_16_31_377.jpg,C:\Users\BHAROSE\Desktop\Project\How_to_simulate_a_self_driving_car-master\How_to_simulate_a_self_driving_car-master\IMG\left_2019_04_08_18_16_31_377.jpg,C:\Users\BHAROSE\Desktop\Project\How_to_simulate_a_self_driving_car-master\How_to_simulate_a_self_driving_car-master\IMG\right_2019_04_08_18_16_31_377.jpg,0,0,0,0.00124147
C:\Users\BHAROSE\Desktop\Project\How_to_simulate_a_self_driving_car-master\How_to_simulate_a_self_driving_car-master\IMG\center_2019_04_08_18_16_31_448.jpg,C:\Users\BHAROSE\Desktop\Project\How_to_simulate_a_self_driving_car-master\How_to_simulate_a_self_driving_car-master\IMG\left_2019_04_08_18_16_31_448.jpg,C:\Users\BHAROSE\Desktop\Project\How_to_simulate_a_self_driving_car-master\How_to_simulate_a_self_driving_car-master\IMG\right_2019_04_08_18_16_31_448.jpg,0,0,0,0.0002382992
C:\Users\BHAROSE\Desktop\Project\How_to_simulate_a_self_driving_car-master\How_to_simulate_a_self_driving_car-master\IMG\center_2019_04_08_18_16_31_524.jpg,C:\Users\BHAROSE\Desktop\Project\How_to_simulate_a_self_driving_car-master\How_to_simulate_a_self_driving_car-master\IMG\left_2019_04_08_18_16_31_524.jpg,C:\Users\BHAROSE\Desktop\Project\How_to_simulate_a_self_driving_car-master\How_to_simulate_a_self_driving_car-master\IMG\right_2019_04_08_18_16_31_524.jpg,0,0,0,0.001224163
C:\Users\BHAROSE\Desktop\Project\How_to_simulate_a_self_driving_car-master\How_to_simulate_a_self_driving_car-master\IMG\center_2019_04_08_18_16_31_596.jpg,C:\Users\BHAROSE\Desktop\Project\How_to_simulate_a_self_driving_car-master\How_to_simulate_a_self_driving_car-master\IMG\left_2019_04_08_18_16_31_596.jpg,C:\Users\BHAROSE\Desktop\Project\How_to_simulate_a_self_driving_car-master\How_to_simulate_a_self_driving_car-master\IMG\right_2019_04_08_18_16_31_596.jpg,0,0,0,0.001240621
C:\Users\BHAROSE\Desktop\Project\How_to_simulate_a_self_driving_car-master\How_to_simulate_a_self_driving_car-master\IMG\center_2019_04_08_18_16_31_669.jpg,C:\Users\BHAROSE\Desktop\Project\How_to_simulate_a_self_driving_car-master\How_to_simulate_a_self_driving_car-master\IMG\left_2019_04_08_18_16_31_669.jpg,C:\Users\BHAROSE\Desktop\Project\How_to_simulate_a_self_driving_car-master\How_to_simulate_a_self_driving_car-master\IMG\right_2019_04_08_18_16_31_669.jpg,0,0,0,0.0007317386
C:\Users\BHAROSE\Desktop\Project\How_to_simulate_a_self_driving_car-master\How_to_simulate_a_self_driving_car-master\IMG\center_2019_04_08_18_16_31_742.jpg,C:\Users\BHAROSE\Desktop\Project\How_to_simulate_a_self_driving_car-master\How_to_simulate_a_self_driving_car-master\IMG\left_2019_04_08_18_16_31_742.jpg,C:\Users\BHAROSE\Desktop\Project\How_to_simulate_a_self_driving_car-master\How_to_simulate_a_self_driving_car-master\IMG\right_2019_04_08_18_16_31_742.jpg,0,0,0,0.001191356
C:\Users\BHAROSE\Desktop\Project\How_to_simulate_a_self_driving_car-master\How_to_simulate_a_self_driving_car-master\IMG\center_2019_04_08_18_16_31_813.jpg,C:\Users\BHAROSE\Desktop\Project\How_to_simulate_a_self_driving_car-master\How_to_simulate_a_self_driving_car-master\IMG\left_2019_04_08_18_16_31_813.jpg,C:\Users\BHAROSE\Desktop\Project\How_to_simulate_a_self_driving_car-master\How_to_simulate_a_self_driving_car-master\IMG\right_2019_04_08_18_16_31_813.jpg,0,0,0,0.001120226
C:\Users\BHAROSE\Desktop\Project\How_to_simulate_a_self_driving_car-master\How_to_simulate_a_self_driving_car-master\IMG\center_2019_04_08_18_16_31_886.jpg,C:\Users\BHAROSE\Desktop\Project\How_to_simulate_a_self_driving_car-master\How_to_simulate_a_self_driving_car-master\IMG\left_2019_04_08_18_16_31_886.jpg,C:\Users\BHAROSE\Desktop\Project\How_to_simulate_a_self_driving_car-master\How_to_simulate_a_self_driving_car-master\IMG\right_2019_04_08_18_16_31_886.jpg,0,0,0,0.001245908
C:\Users\BHAROSE\Desktop\Project\How_to_simulate_a_self_driving_car-master\How_to_simulate_a_self_driving_car-master\IMG\center_2019_04_08_18_16_31_960.jpg,C:\Users\BHAROSE\Desktop\Project\How_to_simulate_a_self_driving_car-master\How_to_simulate_a_self_driving_car-master\IMG\left_2019_04_08_18_16_31_960.jpg,C:\Users\BHAROSE\Desktop\Project\How_to_simulate_a_self_driving_car-master\How_to_simulate_a_self_driving_car-master\IMG\right_2019_04_08_18_16_31_960.jpg,0,0,0,0.003016112
C:\Users\BHAROSE\Desktop\Project\How_to_simulate_a_self_driving_car-master\How_to_simulate_a_self_driving_car-master\IMG\center_2019_04_08_18_16_32_033.jpg,C:\Users\BHAROSE\Desktop\Project\How_to_simulate_a_self_driving_car-master\How_to_simulate_a_self_driving_car-master\IMG\left_2019_04_08_18_16_32_033.jpg,C:\Users\BHAROSE\Desktop\Project\How_to_simulate_a_self_driving_car-master\How_to_simulate_a_self_driving_car-master\IMG\right_2019_04_08_18_16_32_033.jpg,0,0,0,0.0004813498
C:\Users\BHAROSE\Desktop\Project\How_to_simulate_a_self_driving_car-master\How_to_simulate_a_self_driving_car-master\IMG\center_2019_04_08_18_16_32_105.jpg,C:\Users\BHAROSE\Desktop\Project\How_to_simulate_a_self_driving_car-master\How_to_simulate_a_self_driving_car-master\IMG\left_2019_04_08_18_16_32_105.jpg,C:\Users\BHAROSE\Desktop\Project\How_to_simulate_a_self_driving_car-master\How_to_simulate_a_self_driving_car-master\IMG\right_2019_04_08_18_16_32_105.jpg,0,0,0,0.0002716854
C:\Users\BHAROSE\Desktop\Project\How_to_simulate_a_self_driving_car-master\How_to_simulate_a_self_driving_car-master\IMG\center_2019_04_08_18_16_32_177.jpg,C:\Users\BHAROSE\Desktop\Project\How_to_simulate_a_self_driving_car-master\How_to_simulate_a_self_driving_car-master\IMG\left_2019_04_08_18_16_32_177.jpg,C:\Users\BHAROSE\Desktop\Project\How_to_simulate_a_self_driving_car-master\How_to_simulate_a_self_driving_car-master\IMG\right_2019_04_08_18_16_32_177.jpg,0,0,0,0.001575954
C:\Users\BHAROSE\Desktop\Project\How_to_simulate_a_self_driving_car-master\How_to_simulate_a_self_driving_car-master\IMG\center_2019_04_08_18_16_32_252.jpg,C:\Users\BHAROSE\Desktop\Project\How_to_simulate_a_self_driving_car-master\How_to_simulate_a_self_driving_car-master\IMG\left_2019_04_08_18_16_32_252.jpg,C:\Users\BHAROSE\Desktop\Project\How_to_simulate_a_self_driving_car-master\How_to_simulate_a_self_driving_car-master\IMG\right_2019_04_08_18_16_32_252.jpg,0,0,0,0.0004702739
C:\Users\BHAROSE\Desktop\Project\How_to_simulate_a_self_driving_car-master\How_to_simulate_a_self_driving_car-master\IMG\center_2019_04_08_18_16_32_323.jpg,C:\Users\BHAROSE\Desktop\Project\How_to_simulate_a_self_driving_car-master\How_to_simulate_a_self_driving_car-master\IMG\left_2019_04_08_18_16_32_323.jpg,C:\Users\BHAROSE\Desktop\Project\How_to_simulate_a_self_driving_car-master\How_to_simulate_a_self_driving_car-master\IMG\right_2019_04_08_18_16_32_323.jpg,0,0,0,0.0003525907
C:\Users\BHAROSE\Desktop\Project\How_to_simulate_a_self_driving_car-master\How_to_simulate_a_self_driving_car-master\IMG\center_2019_04_08_18_16_32_395.jpg,C:\Users\BHAROSE\Desktop\Project\How_to_simulate_a_self_driving_car-master\How_to_simulate_a_self_driving_car-master\IMG\left_2019_04_08_18_16_32_395.jpg,C:\Users\BHAROSE\Desktop\Project\How_to_simulate_a_self_driving_car-master\How_to_simulate_a_self_driving_car-master\IMG\right_2019_04_08_18_16_32_395.jpg,0,0,0,0.002111912
C:\Users\BHAROSE\Desktop\Project\How_to_simulate_a_self_driving_car-master\How_to_simulate_a_self_driving_car-master\IMG\center_2019_04_08_18_16_32_469.jpg,C:\Users\BHAROSE\Desktop\Project\How_to_simulate_a_self_driving_car-master\How_to_simulate_a_self_driving_car-master\IMG\left_2019_04_08_18_16_32_469.jpg,C:\Users\BHAROSE\Desktop\Project\How_to_simulate_a_self_driving_car-master\How_to_simulate_a_self_driving_car-master\IMG\right_2019_04_08_18_16_32_469.jpg,0,0,0,0.0002704866
C:\Users\BHAROSE\Desktop\Project\How_to_simulate_a_self_driving_car-master\How_to_simulate_a_self_driving_car-master\IMG\center_2019_04_08_18_16_32_545.jpg,C:\Users\BHAROSE\Desktop\Project\How_to_simulate_a_self_driving_car-master\How_to_simulate_a_self_driving_car-master\IMG\left_2019_04_08_18_16_32_545.jpg,C:\Users\BHAROSE\Desktop\Project\How_to_simulate_a_self_driving_car-master\How_to_simulate_a_self_driving_car-master\IMG\right_2019_04_08_18_16_32_545.jpg,0,0,0,0.0002781267
C:\Users\BHAROSE\Desktop\Project\How_to_simulate_a_self_driving_car-master\How_to_simulate_a_self_driving_car-master\IMG\center_2019_04_08_18_16_32_614.jpg,C:\Users\BHAROSE\Desktop\Project\How_to_simulate_a_self_driving_car-master\How_to_simulate_a_self_driving_car-master\IMG\left_2019_04_08_18_16_32_614.jpg,C:\Users\BHAROSE\Desktop\Project\How_to_simulate_a_self_driving_car-master\How_to_simulate_a_self_driving_car-master\IMG\right_2019_04_08_18_16_32_614.jpg,0,0,0,0.002085388
C:\Users\BHAROSE\Desktop\Project\How_to_simulate_a_self_driving_car-master\How_to_simulate_a_self_driving_car-master\IMG\center_2019_04_08_18_16_32_688.jpg,C:\Users\BHAROSE\Desktop\Project\How_to_simulate_a_self_driving_car-master\How_to_simulate_a_self_driving_car-master\IMG\left_2019_04_08_18_16_32_688.jpg,C:\Users\BHAROSE\Desktop\Project\How_to_simulate_a_self_driving_car-master\How_to_simulate_a_self_driving_car-master\IMG\right_2019_04_08_18_16_32_688.jpg,0,0,0,0.0003051722
C:\Users\BHAROSE\Desktop\Project\How_to_simulate_a_self_driving_car-master\How_to_simulate_a_self_driving_car-master\IMG\center_2019_04_08_18_16_32_761.jpg,C:\Users\BHAROSE\Desktop\Project\How_to_simulate_a_self_driving_car-master\How_to_simulate_a_self_driving_car-master\IMG\left_2019_04_08_18_16_32_761.jpg,C:\Users\BHAROSE\Desktop\Project\How_to_simulate_a_self_driving_car-master\How_to_simulate_a_self_driving_car-master\IMG\right_2019_04_08_18_16_32_761.jpg,0,0,0,0.0006016386
C:\Users\BHAROSE\Desktop\Project\How_to_simulate_a_self_driving_car-master\How_to_simulate_a_self_driving_car-master\IMG\center_2019_04_08_18_16_32_836.jpg,C:\Users\BHAROSE\Desktop\Project\How_to_simulate_a_self_driving_car-master\How_to_simulate_a_self_driving_car-master\IMG\left_2019_04_08_18_16_32_836.jpg,C:\Users\BHAROSE\Desktop\Project\How_to_simulate_a_self_driving_car-master\How_to_simulate_a_self_driving_car-master\IMG\right_2019_04_08_18_16_32_836.jpg,0,0,0,0.001808414
C:\Users\BHAROSE\Desktop\Project\How_to_simulate_a_self_driving_car-master\How_to_simulate_a_self_driving_car-master\IMG\center_2019_04_08_18_16_32_909.jpg,C:\Users\BHAROSE\Desktop\Project\How_to_simulate_a_self_driving_car-master\How_to_simulate_a_self_driving_car-master\IMG\left_2019_04_08_18_16_32_909.jpg,C:\Users\BHAROSE\Desktop\Project\How_to_simulate_a_self_driving_car-master\How_to_simulate_a_self_driving_car-master\IMG\right_2019_04_08_18_16_32_909.jpg,0,0,0,0.0002449707
C:\Users\BHAROSE\Desktop\Project\How_to_simulate_a_self_driving_car-master\How_to_simulate_a_self_driving_car-master\IMG\center_2019_04_08_18_16_32_980.jpg,C:\Users\BHAROSE\Desktop\Project\How_to_simulate_a_self_driving_car-master\How_to_simulate_a_self_driving_car-master\IMG\left_2019_04_08_18_16_32_980.jpg,C:\Users\BHAROSE\Desktop\Project\How_to_simulate_a_self_driving_car-master\How_to_simulate_a_self_driving_car-master\IMG\right_2019_04_08_18_16_32_980.jpg,0,0,0,0.0003297633
C:\Users\BHAROSE\Desktop\Project\How_to_simulate_a_self_driving_car-master\How_to_simulate_a_self_driving_car-master\IMG\center_2019_04_08_18_16_33_055.jpg,C:\Users\BHAROSE\Desktop\Project\How_to_simulate_a_self_driving_car-master\How_to_simulate_a_self_driving_car-master\IMG\left_2019_04_08_18_16_33_055.jpg,C:\Users\BHAROSE\Desktop\Project\How_to_simulate_a_self_driving_car-master\How_to_simulate_a_self_driving_car-master\IMG\right_2019_04_08_18_16_33_055.jpg,0,0,0,0.002594808
C:\Users\BHAROSE\Desktop\Project\How_to_simulate_a_self_driving_car-master\How_to_simulate_a_self_driving_car-master\IMG\center_2019_04_08_18_16_33_130.jpg,C:\Users\BHAROSE\Desktop\Project\How_to_simulate_a_self_driving_car-master\How_to_simulate_a_self_driving_car-master\IMG\left_2019_04_08_18_16_33_130.jpg,C:\Users\BHAROSE\Desktop\Project\How_to_simulate_a_self_driving_car-master\How_to_simulate_a_self_driving_car-master\IMG\right_2019_04_08_18_16_33_130.jpg,0,0,0,0.000570014
C:\Users\BHAROSE\Desktop\Project\How_to_simulate_a_self_driving_car-master\How_to_simulate_a_self_driving_car-master\IMG\center_2019_04_08_18_16_33_203.jpg,C:\Users\BHAROSE\Desktop\Project\How_to_simulate_a_self_driving_car-master\How_to_simulate_a_self_driving_car-master\IMG\left_2019_04_08_18_16_33_203.jpg,C:\Users\BHAROSE\Desktop\Project\How_to_simulate_a_self_driving_car-master\How_to_simulate_a_self_driving_car-master\IMG\right_2019_04_08_18_16_33_203.jpg,0,0,0,0.0006811785
C:\Users\BHAROSE\Desktop\Project\How_to_simulate_a_self_driving_car-master\How_to_simulate_a_self_driving_car-master\IMG\center_2019_04_08_18_16_33_277.jpg,C:\Users\BHAROSE\Desktop\Project\How_to_simulate_a_self_driving_car-master\How_to_simulate_a_self_driving_car-master\IMG\left_2019_04_08_18_16_33_277.jpg,C:\Users\BHAROSE\Desktop\Project\How_to_simulate_a_self_driving_car-master\How_to_simulate_a_self_driving_car-master\IMG\right_2019_04_08_18_16_33_277.jpg,0,0,0,0.001169761
C:\Users\BHAROSE\Desktop\Project\How_to_simulate_a_self_driving_car-master\How_to_simulate_a_self_driving_car-master\IMG\center_2019_04_08_18_16_33_348.jpg,C:\Users\BHAROSE\Desktop\Project\How_to_simulate_a_self_driving_car-master\How_to_simulate_a_self_driving_car-master\IMG\left_2019_04_08_18_16_33_348.jpg,C:\Users\BHAROSE\Desktop\Project\How_to_simulate_a_self_driving_car-master\How_to_simulate_a_self_driving_car-master\IMG\right_2019_04_08_18_16_33_348.jpg,0,0,0,0.000234644
C:\Users\BHAROSE\Desktop\Project\How_to_simulate_a_self_driving_car-master\How_to_simulate_a_self_driving_car-master\IMG\center_2019_04_08_18_16_33_422.jpg,C:\Users\BHAROSE\Desktop\Project\How_to_simulate_a_self_driving_car-master\How_to_simulate_a_self_driving_car-master\IMG\left_2019_04_08_18_16_33_422.jpg,C:\Users\BHAROSE\Desktop\Project\How_to_simulate_a_self_driving_car-master\How_to_simulate_a_self_driving_car-master\IMG\right_2019_04_08_18_16_33_422.jpg,0,0,0,0.001273009
C:\Users\BHAROSE\Desktop\Project\How_to_simulate_a_self_driving_car-master\How_to_simulate_a_self_driving_car-master\IMG\center_2019_04_08_18_16_33_493.jpg,C:\Users\BHAROSE\Desktop\Project\How_to_simulate_a_self_driving_car-master\How_to_simulate_a_self_driving_car-master\IMG\left_2019_04_08_18_16_33_493.jpg,C:\Users\BHAROSE\Desktop\Project\How_to_simulate_a_self_driving_car-master\How_to_simulate_a_self_driving_car-master\IMG\right_2019_04_08_18_16_33_493.jpg,0,0,0,0.001250081
C:\Users\BHAROSE\Desktop\Project\How_to_simulate_a_self_driving_car-master\How_to_simulate_a_self_driving_car-master\IMG\center_2019_04_08_18_16_33_568.jpg,C:\Users\BHAROSE\Desktop\Project\How_to_simulate_a_self_driving_car-master\How_to_simulate_a_self_driving_car-master\IMG\left_2019_04_08_18_16_33_568.jpg,C:\Users\BHAROSE\Desktop\Project\How_to_simulate_a_self_driving_car-master\How_to_simulate_a_self_driving_car-master\IMG\right_2019_04_08_18_16_33_568.jpg,0,0,0,0.0007356697
C:\Users\BHAROSE\Desktop\Project\How_to_simulate_a_self_driving_car-master\How_to_simulate_a_self_driving_car-master\IMG\center_2019_04_08_18_16_33_642.jpg,C:\Users\BHAROSE\Desktop\Project\How_to_simulate_a_self_driving_car-master\How_to_simulate_a_self_driving_car-master\IMG\left_2019_04_08_18_16_33_642.jpg,C:\Users\BHAROSE\Desktop\Project\How_to_simulate_a_self_driving_car-master\How_to_simulate_a_self_driving_car-master\IMG\right_2019_04_08_18_16_33_642.jpg,0,0,0,0.001198906
C:\Users\BHAROSE\Desktop\Project\How_to_simulate_a_self_driving_car-master\How_to_simulate_a_self_driving_car-master\IMG\center_2019_04_08_18_16_33_713.jpg,C:\Users\BHAROSE\Desktop\Project\How_to_simulate_a_self_driving_car-master\How_to_simulate_a_self_driving_car-master\IMG\left_2019_04_08_18_16_33_713.jpg,C:\Users\BHAROSE\Desktop\Project\How_to_simulate_a_self_driving_car-master\How_to_simulate_a_self_driving_car-master\IMG\right_2019_04_08_18_16_33_713.jpg,0,0,0,0.001105967
C:\Users\BHAROSE\Desktop\Project\How_to_simulate_a_self_driving_car-master\How_to_simulate_a_self_driving_car-master\IMG\center_2019_04_08_18_16_33_786.jpg,C:\Users\BHAROSE\Desktop\Project\How_to_simulate_a_self_driving_car-master\How_to_simulate_a_self_driving_car-master\IMG\left_2019_04_08_18_16_33_786.jpg,C:\Users\BHAROSE\Desktop\Project\How_to_simulate_a_self_driving_car-master\How_to_simulate_a_self_driving_car-master\IMG\right_2019_04_08_18_16_33_786.jpg,0,0,0,0.001220204
C:\Users\BHAROSE\Desktop\Project\How_to_simulate_a_self_driving_car-master\How_to_simulate_a_self_driving_car-master\IMG\center_2019_04_08_18_16_33_858.jpg,C:\Users\BHAROSE\Desktop\Project\How_to_simulate_a_self_driving_car-master\How_to_simulate_a_self_driving_car-master\IMG\left_2019_04_08_18_16_33_858.jpg,C:\Users\BHAROSE\Desktop\Project\How_to_simulate_a_self_driving_car-master\How_to_simulate_a_self_driving_car-master\IMG\right_2019_04_08_18_16_33_858.jpg,0,0,0,0.003010676
C:\Users\BHAROSE\Desktop\Project\How_to_simulate_a_self_driving_car-master\How_to_simulate_a_self_driving_car-master\IMG\center_2019_04_08_18_16_33_933.jpg,C:\Users\BHAROSE\Desktop\Project\How_to_simulate_a_self_driving_car-master\How_to_simulate_a_self_driving_car-master\IMG\left_2019_04_08_18_16_33_933.jpg,C:\Users\BHAROSE\Desktop\Project\How_to_simulate_a_self_driving_car-master\How_to_simulate_a_self_driving_car-master\IMG\right_2019_04_08_18_16_33_933.jpg,0,0,0,0.0004540036
C:\Users\BHAROSE\Desktop\Project\How_to_simulate_a_self_driving_car-master\How_to_simulate_a_self_driving_car-master\IMG\center_2019_04_08_18_16_34_007.jpg,C:\Users\BHAROSE\Desktop\Project\How_to_simulate_a_self_driving_car-master\How_to_simulate_a_self_driving_car-master\IMG\left_2019_04_08_18_16_34_007.jpg,C:\Users\BHAROSE\Desktop\Project\How_to_simulate_a_self_driving_car-master\How_to_simulate_a_self_driving_car-master\IMG\right_2019_04_08_18_16_34_007.jpg,0,0,0,0.001161612
C:\Users\BHAROSE\Desktop\Project\How_to_simulate_a_self_driving_car-master\How_to_simulate_a_self_driving_car-master\IMG\center_2019_04_08_18_16_34_079.jpg,C:\Users\BHAROSE\Desktop\Project\How_to_simulate_a_self_driving_car-master\How_to_simulate_a_self_driving_car-master\IMG\left_2019_04_08_18_16_34_079.jpg,C:\Users\BHAROSE\Desktop\Project\How_to_simulate_a_self_driving_car-master\How_to_simulate_a_self_driving_car-master\IMG\right_2019_04_08_18_16_34_079.jpg,0,0,0,0.001598863
C:\Users\BHAROSE\Desktop\Project\How_to_simulate_a_self_driving_car-master\How_to_simulate_a_self_driving_car-master\IMG\center_2019_04_08_18_16_34_158.jpg,C:\Users\BHAROSE\Desktop\Project\How_to_simulate_a_self_driving_car-master\How_to_simulate_a_self_driving_car-master\IMG\left_2019_04_08_18_16_34_158.jpg,C:\Users\BHAROSE\Desktop\Project\How_to_simulate_a_self_driving_car-master\How_to_simulate_a_self_driving_car-master\IMG\right_2019_04_08_18_16_34_158.jpg,0,0,0,0.0003925569
C:\Users\BHAROSE\Desktop\Project\How_to_simulate_a_self_driving_car-master\How_to_simulate_a_self_driving_car-master\IMG\center_2019_04_08_18_16_34_232.jpg,C:\Users\BHAROSE\Desktop\Project\How_to_simulate_a_self_driving_car-master\How_to_simulate_a_self_driving_car-master\IMG\left_2019_04_08_18_16_34_232.jpg,C:\Users\BHAROSE\Desktop\Project\How_to_simulate_a_self_driving_car-master\How_to_simulate_a_self_driving_car-master\IMG\right_2019_04_08_18_16_34_232.jpg,0,0,0,0.002993197
C:\Users\BHAROSE\Desktop\Project\How_to_simulate_a_self_driving_car-master\How_to_simulate_a_self_driving_car-master\IMG\center_2019_04_08_18_16_34_303.jpg,C:\Users\BHAROSE\Desktop\Project\How_to_simulate_a_self_driving_car-master\How_to_simulate_a_self_driving_car-master\IMG\left_2019_04_08_18_16_34_303.jpg,C:\Users\BHAROSE\Desktop\Project\How_to_simulate_a_self_driving_car-master\How_to_simulate_a_self_driving_car-master\IMG\right_2019_04_08_18_16_34_303.jpg,0,0,0,0.002106589
C:\Users\BHAROSE\Desktop\Project\How_to_simulate_a_self_driving_car-master\How_to_simulate_a_self_driving_car-master\IMG\center_2019_04_08_18_16_34_374.jpg,C:\Users\BHAROSE\Desktop\Project\How_to_simulate_a_self_driving_car-master\How_to_simulate_a_self_driving_car-master\IMG\left_2019_04_08_18_16_34_374.jpg,C:\Users\BHAROSE\Desktop\Project\How_to_simulate_a_self_driving_car-master\How_to_simulate_a_self_driving_car-master\IMG\right_2019_04_08_18_16_34_374.jpg,0,0,0,0.0004379877
C:\Users\BHAROSE\Desktop\Project\How_to_simulate_a_self_driving_car-master\How_to_simulate_a_self_driving_car-master\IMG\center_2019_04_08_18_16_34_445.jpg,C:\Users\BHAROSE\Desktop\Project\How_to_simulate_a_self_driving_car-master\How_to_simulate_a_self_driving_car-master\IMG\left_2019_04_08_18_16_34_445.jpg,C:\Users\BHAROSE\Desktop\Project\How_to_simulate_a_self_driving_car-master\How_to_simulate_a_self_driving_car-master\IMG\right_2019_04_08_18_16_34_445.jpg,0,0,0,0.0002600802
C:\Users\BHAROSE\Desktop\Project\How_to_simulate_a_self_driving_car-master\How_to_simulate_a_self_driving_car-master\IMG\center_2019_04_08_18_16_34_519.jpg,C:\Users\BHAROSE\Desktop\Project\How_to_simulate_a_self_driving_car-master\How_to_simulate_a_self_driving_car-master\IMG\left_2019_04_08_18_16_34_519.jpg,C:\Users\BHAROSE\Desktop\Project\How_to_simulate_a_self_driving_car-master\How_to_simulate_a_self_driving_car-master\IMG\right_2019_04_08_18_16_34_519.jpg,0,0,0,0.002293245
C:\Users\BHAROSE\Desktop\Project\How_to_simulate_a_self_driving_car-master\How_to_simulate_a_self_driving_car-master\IMG\center_2019_04_08_18_16_34_591.jpg,C:\Users\BHAROSE\Desktop\Project\How_to_simulate_a_self_driving_car-master\How_to_simulate_a_self_driving_car-master\IMG\left_2019_04_08_18_16_34_591.jpg,C:\Users\BHAROSE\Desktop\Project\How_to_simulate_a_self_driving_car-master\How_to_simulate_a_self_driving_car-master\IMG\right_2019_04_08_18_16_34_591.jpg,0,0,0,0.0003137591
C:\Users\BHAROSE\Desktop\Project\How_to_simulate_a_self_driving_car-master\How_to_simulate_a_self_driving_car-master\IMG\center_2019_04_08_18_16_34_667.jpg,C:\Users\BHAROSE\Desktop\Project\How_to_simulate_a_self_driving_car-master\How_to_simulate_a_self_driving_car-master\IMG\left_2019_04_08_18_16_34_667.jpg,C:\Users\BHAROSE\Desktop\Project\How_to_simulate_a_self_driving_car-master\How_to_simulate_a_self_driving_car-master\IMG\right_2019_04_08_18_16_34_667.jpg,0,0,0,0.002109047
C:\Users\BHAROSE\Desktop\Project\How_to_simulate_a_self_driving_car-master\How_to_simulate_a_self_driving_car-master\IMG\center_2019_04_08_18_16_34_742.jpg,C:\Users\BHAROSE\Desktop\Project\How_to_simulate_a_self_driving_car-master\How_to_simulate_a_self_driving_car-master\IMG\left_2019_04_08_18_16_34_742.jpg,C:\Users\BHAROSE\Desktop\Project\How_to_simulate_a_self_driving_car-master\How_to_simulate_a_self_driving_car-master\IMG\right_2019_04_08_18_16_34_742.jpg,0,0,0,0.001788526
C:\Users\BHAROSE\Desktop\Project\How_to_simulate_a_self_driving_car-master\How_to_simulate_a_self_driving_car-master\IMG\center_2019_04_08_18_16_34_817.jpg,C:\Users\BHAROSE\Desktop\Project\How_to_simulate_a_self_driving_car-master\How_to_simulate_a_self_driving_car-master\IMG\left_2019_04_08_18_16_34_817.jpg,C:\Users\BHAROSE\Desktop\Project\How_to_simulate_a_self_driving_car-master\How_to_simulate_a_self_driving_car-master\IMG\right_2019_04_08_18_16_34_817.jpg,0,0,0,0.0002619742
